Workbook

Sheet ConditionsList
A1: CategoryID | B1: Category | C1: MeasureId | D1: Short_Question_Text | E1: Measure | F1: HighRiskCondition | G1: ChronicCondition | H1: Note
A2: HLTHOUT | B2: Health Outcomes | C2: STROKE | D2: Stroke | E2: Stroke among adults aged >=18 years | F2: 1 | G2: 1
A3: HLTHOUT | B3: Health Outcomes | C3: COPD | D3: COPD | E3: Chronic obstructive pulmonary disease among adults aged >=18 years | F3: 1 | G3: 1
A4: UNHBEH | B4: Unhealthy Behaviors | C4: BINGE | D4: Binge Drinking | E4: Binge drinking among adults aged >=18 years | F4: 0 | G4: 0
A5: PREVENT | B5: Prevention | C5: MAMMOUSE | D5: Mammography | E5: Mammography use among women aged 50-74 years | F5: 0 | G5: 0
A6: HLTHOUT | B6: Health Outcomes | C6: CASTHMA | D6: Current Asthma | E6: Current asthma among adults aged >=18 years | F6: 0 | G6: 1
A7: HLTHOUT | B7: Health Outcomes | C7: DIABETES | D7: Diabetes | E7: Diagnosed diabetes among adults aged >=18 years | F7: 1 | G7: 1
A8: PREVENT | B8: Prevention | C8: COREM | D8: Core preventive services for older men | E8: Older adult men aged >=65 years who are up to date on a core set of clinical preventive services: Flu shot past year, PPV shot ever, Colorectal cancer screening | F8: 0 | G8: 0
A9: HLTHOUT | B9: Health Outcomes | C9: CHD | D9: Coronary Heart Disease | E9: Coronary heart disease among adults aged >=18 years | F9: 1 | G9: 1
A10: UNHBEH | B10: Unhealthy Behaviors | C10: SLEEP | D10: Sleep <7 hours | E10: Sleeping less than 7 hours among adults aged >=18 years | F10: 0 | G10: 0
A11: HLTHOUT | B11: Health Outcomes | C11: CANCER | D11: Cancer (except skin) | E11: Cancer (excluding skin cancer) among adults aged >=18 years | F11: 1 | G11: 1
A12: UNHBEH | B12: Unhealthy Behaviors | C12: LPA | D12: Physical Inactivity | E12: No leisure-time physical activity among adults aged >=18 years | F12: 0 | G12: 0
A13: HLTHOUT | B13: Health Outcomes | C13: ARTHRITIS | D13: Arthritis | E13: Arthritis among adults aged >=18 years | F13: 0 | G13: 1
A14: PREVENT | B14: Prevention | C14: DENTAL | D14: Dental Visit | E14: Visits to dentist or dental clinic among adults aged >=18 years | F14: 0 | G14: 0
A15: HLTHOUT | B15: Health Outcomes | C15: KIDNEY | D15: Chronic Kidney Disease | E15: Chronic kidney disease among adults aged >=18 years | F15: 0 | G15: 0 | H15: Not in 2025 data anymore
A16: PREVENT | B16: Prevention | C16: COREW | D16: Core preventive services for older women | E16: Older adult women aged >=65 years who are up to date on a core set of clinical preventive services: Flu shot past year, PPV shot ever, Colorectal cancer screening, and Mammogram past 2 years | F16: 0 | G16: 0
A17: HLTHOUT | B17: Health Outcomes | C17: PHLTH | D17: Physical Health | E17: Physical health not good for >=14 days among adults aged >=18 years | F17: 0 | G17: 0
A18: PREVENT | B18: Prevention | C18: CHECKUP | D18: Annual Checkup | E18: Visits to doctor for routine checkup within the past year among adults aged >=18 years | F18: 0 | G18: 0
A19: UNHBEH | B19: Unhealthy Behaviors | C19: OBESITY | D19: Obesity | E19: Obesity among adults aged >=18 years | F19: -1 | G19: 0
A20: PREVENT | B20: Prevention | C20: BPMED | D20: Taking BP Medication | E20: Taking medicine for high blood pressure control among adults aged >=18 years with high blood pressure | F20: 0 | G20: 0
A21: PREVENT | B21: Prevention | C21: ACCESS2 | D21: Health Insurance | E21: Current lack of health insurance among adults aged 18-64 years | F21: 0 | G21: 0
A22: UNHBEH | B22: Unhealthy Behaviors | C22: CSMOKING | D22: Current Smoking | E22: Current smoking among adults aged >=18 years | F22: -1 | G22: 0
A23: PREVENT | B23: Prevention | C23: CHOLSCREEN | D23: Cholesterol Screening | E23: Cholesterol screening among adults aged >=18 years | F23: 0 | G23: 0
A24: HLTHOUT | B24: Health Outcomes | C24: TEETHLOST | D24: Teeth Loss | E24: All teeth lost among adults aged >=65 years | F24: 0 | G24: 0
A25: HLTHOUT | B25: Health Outcomes | C25: BPHIGH | D25: High Blood Pressure | E25: High blood pressure among adults aged >=18 years | F25: 0 | G25: 1
A26: HLTHOUT | B26: Health Outcomes | C26: HIGHCHOL | D26: High Cholesterol | E26: High cholesterol among adults aged >=18 years who have been screened in the past 5 years | F26: 0 | G26: 0
A27: PREVENT | B27: Prevention | C27: COLON_SCREEN | D27: Colorectal Cancer Screening | E27: Fecal occult blood test, sigmoidoscopy, or colonoscopy among adults aged 50-75 years | F27: 0 | G27: 0
... A29: PREVENT | B29: Prevention | C29: CERVICAL | D29: Cervical Cancer Screening | E29: Cervical cancer screening among adult women aged 21-65 years | F29: 0 | G29: 0

Sheet MultipleConditionsAdults
A1: AgeGroupMCC | B1: 0 | C1: 1 | D1: 2 | E1: 3
A2: =MultipleConditionsSource!K15 -> 18_44 | B2: =MultipleConditionsSource!L15 -> 0.726 | C2: =MultipleConditionsSource!M15 -> 0.207 | D2: =MultipleConditionsSource!N15 -> 0.067 | E2: =MultipleConditionsSource!O15 -> 0
A3: =MultipleConditionsSource!K16 -> 45_64 | B3: =MultipleConditionsSource!L16 -> 0.366 | C3: =MultipleConditionsSource!M16 -> 0.304 | D3: =MultipleConditionsSource!N16 -> 0.22 | E3: =MultipleConditionsSource!O16 -> 0.11
A4: =MultipleConditionsSource!K17 -> 65+ | B4: =MultipleConditionsSource!L17 -> 0.124 | C4: =MultipleConditionsSource!M17 -> 0.239 | D4: =MultipleConditionsSource!N17 -> 0.3185 | E4: =MultipleConditionsSource!O17 -> 0.3185

Sheet Obesity
A1: ObeseWithCondition | B1: SeverelyObeseWithCondition | C1: SeverelyObeseAmongObese
A2: =ObesitySource!A12 -> 0.42610841 | B2: 0.512459 | C2: 0.23325062

Sheet MultipleConditionsSource
A1: Characteristic | B1: 0 Chronic Conditions | D1: 1 Chronic Condition | F1: ≥2 Chronic Conditions | K1: Source
B2: % Populationb (95% CI) | C2: N | D2: % Populationb (95% CI) | E2: N | F2: % Populationb (95% CI) | G2: N | K2: https://www.cdc.gov/pcd/issues/2020/20_0130.htm
A3: Totalc | B3: 48.2 (47.3–49.1) | C3: 120230 | D3: 24.6 (23.9–25.3) | E3: 61371 | F3: 27.2 (26.5–27.9) | G3: 67854 | K3: Table
A4: Sexd
A5: Male | B5: 49.8 (48.5–51.0) | C5: 59921 | D5: 24.4 (23.4–25.4) | E5: 29346 | F5: 25.9 (24.9–26.9) | G5: 31175
A6: Female | B6: 46.7 (45.6–47.9) | C6: 60309 | D6: 24.8 (23.9–25.7) | E6: 32025 | F6: 28.4 (27.5–29.4) | G6: 36679
A7: Race/ethnicitye | K7: Number Conditions | L7: 0 | M7: 1 | N7: 2+
A8: Non-Hispanic White | B8: 43.8 (42.7–44.8) | C8: 68839 | D8: 25.6 (24.8–26.4) | E8: 40248 | F8: 30.6 (29.7–31.6) | G8: 48202 | K8: 18-44 | L8: 72.6 | M8: 20.7 | N8: 6.7
A9: Non-Hispanic Black | B9: 47.6 (45.0–50.2) | C9: 13845 | D9: 25.4 (23.3–27.6) | E9: 7390 | F9: 27.0 (25.0–29.1) | G9: 7855 | K9: 45-64 | L9: 36.6 | M9: 30.4 | N9: 33
A10: Non-Hispanic Asian | B10: 62.0 (58.6–65.2) | C10: 9400 | D10: 21.6 (19.0–24.4) | E10: 3280 | F10: 16.4 (14.0–19.0) | G10: 2486 | K10: 65+ | L10: 12.4 | M10: 23.9 | N10: 63.7
A11: Hispanic | B11: 61.5 (59.3–63.5) | C11: 25042 | D11: 20.8 (19.1–22.5) | E11: 8478 | F11: 17.7 (16.2–19.3) | G11: 7230
A12: Age, yd
A13: 18–44 | B13: 72.6 (71.4–73.7) | C13: 83444 | D13: 20.7 (19.7–21.8) | E13: 23841 | F13: 6.7 (6.1–7.3) | G13: 7723 | K13: Adjusted
A14: 45–64 | B14: 36.6 (35.3–37.9) | C14: 30404 | D14: 30.4 (29.2–31.6) | E14: 25250 | F14: 33.0 (31.7–34.3) | G14: 27383 | K14: Number Conditions | L14: 0 | M14: 1 | N14: 2 | O14: 3 | P14: Sum
A15: ≥65 | B15: 12.4 (11.5–13.3) | C15: 6382 | D15: 23.9 (22.7–25.1) | E15: 12280 | F15: 63.7 (62.3–65.1) | G15: 32748 | K15: 18_44 | L15: =L8/100 -> 0.726 | M15: =M8/100 -> 0.207 | N15: =N8/100 -> 0.067 | O15: 0 | P15: =SUM(L15:O15) -> 1
A16: Health insurance coveragef | K16: 45_64 | L16: =L9/100 -> 0.366 | M16: =M9/100 -> 0.304 | N16: =N9/100*2/3 -> 0.22 | O16: =N16/2 -> 0.11 | P16: =SUM(L16:O16) -> 1
A17: Age 18–64 yd | K17: 65+ | L17: =L10/100 -> 0.124 | M17: =M10/100 -> 0.239 | N17: =N10/200 -> 0.3185 | O17: =N17 -> 0.3185 | P17: =SUM(L17:O17) -> 1
A18: Private | B18: 58.6 (57.5–59.8) | C18: 80085 | D18: 25.7 (24.7–26.7) | E18: 35065 | F18: 15.7 (14.9–16.5) | G18: 21418
A19: Public | B19: 48.9 (46.3–51.6) | C19: 12192 | D19: 23.4 (21.4–25.5) | E19: 5830 | F19: 27.6 (25.5–29.9) | G19: 6886
A20: Uninsured | B20: 66.8 (64.3–69.3) | C20: 17059 | D20: 21.6 (19.4–23.9) | E20: 5511 | F20: 11.6 (10.1–13.2) | G20: 2995
A21: Age ≥65 yg
A22: Private | B22: 12.4 (11.1–13.8) | C22: 2633 | D22: 24.4 (22.6–26.3) | E22: 5190 | F22: 63.2 (61.2–65.3) | G22: 13451
A23: Dual eligible | B23: 6.8 (4.6–9.6) | C23: 239 | D23: 16.4 (13.0–20.1) | E23: 577 | F23: 76.9 (72.5–80.8) | G23: 2713
A24: Medicare Advantage | B24: 11.9 (10.2–13.6) | C24: 1556 | D24: 25.2 (22.9–27.6) | E24: 3300 | F24: 63.0 (60.3–65.6) | G24: 8257
A25: Medicare only excluding Medicare Advantage | B25: 16.1 (13.6–18.8) | C25: 1280 | D25: 25.4 (22.2–28.9) | E25: 2020 | F25: 58.5 (54.8–62.1) | G25: 4645
A26: Location of residenced
A27: Urban | B27: 49.5 (48.5–50.5) | C27: 107383 | D27: 24.5 (23.7–25.2) | E27: 53125 | F27: 26.1 (25.3–26.9) | G27: 56577
A28: Rural | B28: 39.7 (37.3–42.1) | C28: 12847 | D28: 25.5 (23.8–27.2) | E28: 8246 | F28: 34.8 (32.8–37.0) | G28: 11277

Sheet MCC_Adj_Checks
I1: 1 | J1: 2 | K1: 3
C2: low | D2: high | G2: AgeGroupMCC | H2: 0 | I2: 1 | J2: 2 | K2: 3
B3: Prevalence | C3: 80 | D3: 120 | G3: 18_44 | H3: 0.726 | I3: 0.207 | J3: 0.0335 | K3: 0.0335
B4: Average | C4: =AVERAGE(C3:D3) -> 100 | G4: 45_64 | H4: 0.366 | I4: 0.304 | J4: 0.165 | K4: 0.165
B5: Score | C5: =C3/C4 -> 0.8 | D5: =D3/C4 -> 1.2 | G5: 65+ | H5: 0.124 | I5: 0.239 | J5: 0.3185 | K5: 0.3185
B6: Ratio | C6: =C5 -> 0.8 | D6: =D5 -> 1.2
F8: low | G8: AgeGroupMCC | H8: 0 | I8: 1 | J8: 2 | K8: 3
G9: 18_44 | H9: =1-I9-J9-K9 -> 0.77298333 | I9: =I3*(1+($C$6-1)/I$1) -> 0.1656 | J9: =J3*(1+($C$6-1)/J$1) -> 0.03015 | K9: =K3*(1+($C$6-1)/K$1) -> 0.031266667
G10: 45_64 | H10: =1-I10-J10-K10 -> 0.4543 | I10: =I4*(1+($C$6-1)/I$1) -> 0.2432 | J10: =J4*(1+($C$6-1)/J$1) -> 0.1485 | K10: =K4*(1+($C$6-1)/K$1) -> 0.154
G11: 65+ | H11: =1-I11-J11-K11 -> 0.22488333 | I11: =I5*(1+($C$6-1)/I$1) -> 0.1912 | J11: =J5*(1+($C$6-1)/J$1) -> 0.28665 | K11: =K5*(1+($C$6-1)/K$1) -> 0.29726667
F14: high | G14: AgeGroupMCC | H14: 0 | I14: 1 | J14: 2 | K14: 3
G15: 18_44 | H15: =1-I15-J15-K15 -> 0.67901667 | I15: =I3*(1+($D$6-1)/I$1) -> 0.2484 | J15: =J3*(1+($D$6-1)/J$1) -> 0.03685 | K15: =K3*(1+($D$6-1)/K$1) -> 0.035733333
G16: 45_64 | H16: =1-I16-J16-K16 -> 0.2777 | I16: =I4*(1+($D$6-1)/I$1) -> 0.3648 | J16: =J4*(1+($D$6-1)/J$1) -> 0.1815 | K16: =K4*(1+($D$6-1)/K$1) -> 0.176
G17: 65+ | H17: =1-I17-J17-K17 -> 0.023116667 | I17: =I5*(1+($D$6-1)/I$1) -> 0.2868 | J17: =J5*(1+($D$6-1)/J$1) -> 0.35035 | K17: =K5*(1+($D$6-1)/K$1) -> 0.33973333
F20: average | G20: AgeGroupMCC | H20: 0 | I20: 1 | J20: 2 | K20: 3
G21: 18_44 | H21: =AVERAGE(H9,H15) -> 0.726 | I21: =AVERAGE(I9,I15) -> 0.207 | J21: =AVERAGE(J9,J15) -> 0.0335 | K21: =AVERAGE(K9,K15) -> 0.0335
G22: 45_64 | H22: =AVERAGE(H10,H16) -> 0.366 | I22: =AVERAGE(I10,I16) -> 0.304 | J22: =AVERAGE(J10,J16) -> 0.165 | K22: =AVERAGE(K10,K16) -> 0.165
G23: 65+ | H23: =AVERAGE(H11,H17) -> 0.124 | I23: =AVERAGE(I11,I17) -> 0.239 | J23: =AVERAGE(J11,J17) -> 0.3185 | K23: =AVERAGE(K11,K17) -> 0.3185
F26: diff | G26: AgeGroupMCC | H26: 0 | I26: 1 | J26: 2 | K26: 3
G27: 18_44 | H27: =H21-H3 -> 0 | I27: =I21-I3 -> 0 | J27: =J21-J3 -> 0 | K27: =K21-K3 -> 0
G28: 45_64 | H28: =H22-H4 -> 0 | I28: =I22-I4 -> 0 | J28: =J22-J4 -> 0 | K28: =K22-K4 -> 0
G29: 65+ | H29: =H23-H5 -> 0 | I29: =I23-I5 -> 0 | J29: =J23-J5 -> 0 | K29: =K23-K5 -> 0

Sheet ObesitySource
B1: Individuals | C1: Chronic Condition | E1: Source
A2: >= 20 years old | E2: https://journals.plos.org/plosone/article?id=10.1371/journal.pone.0009694
A3: Underweight | B3: 3501 | C3: 1248 | E3: Morbid Obesity as a Risk Factor for Hospitalization and Death Due to 2009 Pandemic Influenza A(H1N1) Disease
A4: Normal weight | B4: 61798 | C4: 18318 | E4: Table 1
A5: Overweight | B5: 65728 | C5: 21316
A6: Obese | B6: 55022 | C6: 22527
A7: Morbidly Obese | B7: 10635 | C7: 5450
A8: Total | B8: =SUM(B3:B7) -> 196684 | C8: =SUM(C3:C7) -> 68859
A11: Proportions obese+ with some condition | D11: Proportions severely obese with some condition
A12: =(C6+C7)/(B6+B7) -> 0.42610841 | D12: =C7/B7 -> 0.51245886
A15: Children
A16: https://www.cdc.gov/obesity/data/childhood.html
A17: AgeGroupObesity | B17: Obesity
A18: 0_1 | B18: 0
A19: 2_5 | B19: 0.139
A20: 6_11 | B20: 0.184
A21: 12_19 | B21: 0.206

Sheet SevereObesitySource
B1: Adults | D1: Source
A2: Obese in US | B2: 0.403 | D2: https://www.cdc.gov/nchs/products/databriefs/db508.htm
A3: Severely obese in US | B3: 0.094
A4: SevereAmongObese | B4: =B3/B2 -> 0.23325062
A9: Obese criteria | B9: BMI >= 30
A10: Severely obese criteria | B10: BMI >= 40

Sheet AgeGroups
A1: AgeGroup | B1: AgeGroupMCC | C1: Adult | D1: Children | E1: Pregnancy | F1: AgeGroup_1 | G1: AgeGroup_2 | H1: AgeGroup_1_weight | I1: AgeGroup_2_weight
A2: 0_0.5 | C2: 0 | D2: 1 | E2: 0 | F2: 0_1 | H2: 1 | I2: 0
A3: 0.5_4 | C3: 0 | D3: 1 | E3: 0 | F3: 2_5 | G3: 0_1 | H3: =6/7 -> 0.85714286 | I3: =1/7 -> 0.14285714
A4: 5_9 | C4: 0 | D4: 1 | E4: 0 | F4: 2_5 | G4: 6_11 | H4: 0.2 | I4: 0.8
A5: 10_14 | C5: 0 | D5: 1 | E5: 1 | F5: 6_11 | G5: 12_19 | H5: 0.4 | I5: 0.6
A6: 15_19 | B6: 18_44 | C6: 1 | D6: 1 | E6: 1 | F6: 18_44 | G6: 12_19 | H6: 0.4 | I6: 0.6
A7: 20_24 | B7: 18_44 | C7: 1 | D7: 0 | E7: 1 | F7: 18_44 | H7: 1 | I7: 0
A8: 25_29 | B8: 18_44 | C8: 1 | D8: 0 | E8: 1 | F8: 18_44 | H8: 1 | I8: 0
A9: 30_34 | B9: 18_44 | C9: 1 | D9: 0 | E9: 1 | F9: 18_44 | H9: 1 | I9: 0
A10: 35_39 | B10: 18_44 | C10: 1 | D10: 0 | E10: 1 | F10: 18_44 | H10: 1 | I10: 0
A11: 40_44 | B11: 18_44 | C11: 1 | D11: 0 | E11: 1 | F11: 18_44 | H11: 1 | I11: 0
A12: 45_49 | B12: 45_64 | C12: 1 | D12: 0 | E12: 1 | F12: 45_64 | H12: 1 | I12: 0
A13: 50_54 | B13: 45_64 | C13: 1 | D13: 0 | E13: 1 | F13: 45_64 | H13: 1 | I13: 0
A14: 55_59 | B14: 45_64 | C14: 1 | D14: 0 | E14: 0 | F14: 45_64 | H14: 1 | I14: 0
A15: 60_64 | B15: 45_64 | C15: 1 | D15: 0 | E15: 0 | F15: 45_64 | H15: 1 | I15: 0
A16: 65_69 | B16: 65+ | C16: 1 | D16: 0 | E16: 0 | F16: 65+ | H16: 1 | I16: 0
A17: 70_74 | B17: 65+ | C17: 1 | D17: 0 | E17: 0 | F17: 65+ | H17: 1 | I17: 0
A18: 75+ | B18: 65+ | C18: 1 | D18: 0 | E18: 0 | F18: 65+ | H18: 1 | I18: 0

Sheet ChildrenObesity
A1: AgeGroupObesity | B1: Obesity
A2: 0_1 | B2: 0
A3: 2_5 | B3: 0.139
A4: 6_11 | B4: 0.184
A5: 12_19 | B5: 0.206
